title,url,thumbnail_url,channel,description
Seek Your Treasure! | Pokémon Scarlet & Pokémon Violet,https://www.youtube.com/watch?v=NreJ_VEcuYE,https://i.ytimg.com/vi/NreJ_VEcuYE/hqdefault.jpg?sqp=-oaymwEcCNACELwBSFXyq4qpAw4IARUAAIhCGAFwAcABBg==&rs=AOn4CLBZ3ksEkvh5Q-DhjSkV2il0e937pw,The Official Pokémon YouTube channel,"In Pokémon Scarlet and Pokémon Violet, the school you’ve enrolled in hosts a special independent study project. The theme of this assignment is “A Treasure Hunt!” Explore the world..."
Sevilla vs. Man. City: Extended Highlights | UCL Group Stage MD 1 | CBS Sports Golazo,https://www.youtube.com/watch?v=ucMHkGf74c8,https://i.ytimg.com/vi/ucMHkGf74c8/hqdefault.jpg?sqp=-oaymwEcCNACELwBSFXyq4qpAw4IARUAAIhCGAFwAcABBg==&rs=AOn4CLArl3n4jPgELX2mSILbRTeUuo7JwQ,CBS Sports Golazo,Erling Haaland’s start to his Manchester City career has been record-breaking. Can Sevilla find the formula to contain the Norwegian dynamo? Stream every UEFA Champions League match live...
PSG vs. Juventus: Extended Highlights | UCL Group Stage MD 1 | CBS Sports Golazo,https://www.youtube.com/watch?v=e7LzsQ3fVRU,https://i.ytimg.com/vi/e7LzsQ3fVRU/hqdefault.jpg?sqp=-oaymwEcCNACELwBSFXyq4qpAw4IARUAAIhCGAFwAcABBg==&rs=AOn4CLCDNTqxoBwyEtZPf2MHpQo6XMC7Fw,CBS Sports Golazo,"European juggernauts face off as Messi hopes to bring PSG their first UCL title, while Vlahovic looks to re-establish Juventus as Italy’s premier club. Stream every UEFA Champions League..."
Nate Diaz UFC 279 Interview: Fighting Khamzat Chimaev & what the future looks like | ESPN MMA,https://www.youtube.com/watch?v=tecPzsis2jg,,ESPN MMA,Khamzat Chimaev UFC 279 Interview: https://youtu.be/pE0QyFSWK2U Nate Diaz UFC 279 Interview: Fighting Khamzat Chimaev & what the future looks like | ESPN MMA ESPN MMA’s Brett Okamoto sits...
NBA 2K23 MYPLAYER BUILDER COMPLETE BREAKDOWN (MUST WATCH),https://www.youtube.com/watch?v=GYiYwFO7-z8,,Joe Knows,"DOWNLOAD PRIZEPICKS HERE: https://app.prizepicks.com/sign-up?in... Use Code ""JOEKNOWS"" to double your first deposit! The NBA 2K23 Myplayer Builder is here. This is an in depth breakdown of..."
Celtic vs. Real Madrid: Extended Highlights | UCL Group Stage MD 1 | CBS Sports Golazo,https://www.youtube.com/watch?v=Wvxkup7dNIk,,CBS Sports Golazo,"Celtic mark their return to the UCL group stage by hosting the competition’s most successful club and the reigning champions, Real Madrid.  Stream every UEFA Champions League match live..."
NBA YoungBoy - Dangerous Love,https://www.youtube.com/watch?v=V57kqbHTm9E,,YoungBoy Never Broke Again,
Megan Thee Stallion - Ungrateful (feat. Key Glock) [Official Video],https://www.youtube.com/watch?v=Am_EmF3o92c,,Megan Thee Stallion,"The official video for Megan Thee Stallion's ""Ungrateful"" (feat. Key Glock) from ‘Traumazine’ - Out Now! Stream ‘Traumazine’ on all platforms: https://megantheestallion.ffm.to/traumazine..."
Why You Are Lonely and How to Make Friends,https://www.youtube.com/watch?v=I9hJ_Rux9y0,,Kurzgesagt – In a Nutshell,"If you are over 18 and want to take part in the international kurzgesagt meetup: Go to our temporary subreddit and look for your area or city, to find a Kurzgesagt meet up near you: https://kgs.li..."
ALONDRA TAKES CARE OF BABY EHLANI *SHE STARTED CRYING*,https://www.youtube.com/watch?v=AoSsLPSiPSk,,Alondra & Elsy,"For 16 free meals with HelloFresh across 7 boxes AND 3 free gifts, use code ALONDRAANDELSY16 at https://bit.ly/3OiIsf7 WATCH OUR LATEST VIDEO FROM 10 YRS AGO LMAO! https://www.youtube.com/watch?..."
